{
    "courseList": [
        {
            "Stream": "IT",
            "Difficulty": "Easy",
            "Percentage": "30%",
            "Suggestion": [
                {
                    "CourseName": "Java", 
                    "CourseLink": "https://www.w3schools.com/java/",
                    "CourseVideoLink": "https://www.youtube.com/watch?v=A74TOX803D0"
                },
                {
                    "CourseName": "Python",
                    "CourseLink": "https://www.geeksforgeeks.org/python-ways-to-find-length-of-list/",
                    "CourseVideoLink": "https://www.youtube.com/watch?v=XKHEtdqhLK8"
                }
            ]
        },
        {
            "Stream": "IT",
            "Difficulty": "Easy",
            "Percentage": "60%",
            "Suggestion": [
                {
                    "CourseName": "Javascript",
                    "CourseLink": "https://www.w3schools.com/js/js_syntax.asp",
                    "CourseVideoLink": "https://youtu.be/lfmg-EJ8gm4?si=WcV1IKKA6Ev9ryv_"
                },
                {
                    "CourseName": "C",
                    "CourseLink": "https://www.tutorialspoint.com/cprogramming/c_overview.htm",
                    "CourseVideoLink": "https://youtu.be/KJgsSFOSQv0?si=b4Q0SsItgVCQqWXi"
                }
            ]
        },
        {
            "Stream": "IT",
            "Difficulty": "Easy",
            "Percentage": "90%",
            "Suggestion": [
                {
                    "CourseName": "C#",
                    "CourseLink": "https://www.javatpoint.com/c-sharp-tutorial",
                    "CourseVideoLink": "https://youtu.be/gfkTfcpWqAY?si=qPdBaCtmbxvJmMvm"
                },
                {
                    "CourseName": "PHP",
                    "CourseLink": "https://www.w3schools.com/php/php_intro.asp",
                    "CourseVideoLink": "https://youtu.be/OK_JCtrrv-c?si=Ca5RiZPiVHM2ScdF"
                }
            ]
        },
        {
            "Stream": "IT",
            "Difficulty": "Medium",
            "Percentage": "30%",
            "Suggestion": [
                {
                    "CourseName": "Ruby",
                    "CourseLink": "https://www.tutorialspoint.com/ruby/ruby_overview.htm",
                    "CourseVideoLink": "https://youtu.be/t_ispmWmdjY?si=YLlcFavg34sDMBkN"
                },
                {
                    "CourseName": "Go",
                    "CourseLink": "https://www.w3schools.com/go/go_introduction.php",
                    "CourseVideoLink": "https://youtu.be/yyUHQIec83I?si=scc1O2AnXDNryfdv"
                }
            ]
        },
        {
            "Stream": "IT",
            "Difficulty": "Medium",
            "Percentage": "60%",
            "Suggestion": [
                {
                    "CourseName": "Perl",
                    "CourseLink": "https://www.tutorialspoint.com/perl/perl_introduction.htm",
                    "CourseVideoLink": "https://youtu.be/WEghIXs8F6c?si=tGocPSUyTJ4caHDX"
                },
                {
                    "CourseName": "SQL",
                    "CourseLink": "https://www.w3schools.com/sql/sql_intro.asp",
                    "CourseVideoLink": "https://youtu.be/hlGoQC332VM?si=OoGvG1t3a2hoT-wo"
                }
            ]
        },
        {
            "Stream": "IT",
            "Difficulty": "Medium",
            "Percentage": "90%",
            "Suggestion": [
                {
                    "CourseName": "HTML",
                    "CourseLink": "https://www.w3schools.com/html/html5_geolocation.asp",
                    "CourseVideoLink": "https://youtu.be/HD13eq_Pmp8?si=rOhiMiWVl-GFv6KV"
                },
                {
                    "CourseName": "CSS",
                    "CourseLink": "https://www.w3schools.com/css/css_rwd_intro.asp",
                    "CourseVideoLink": "https://youtu.be/wRNinF7YQqQ?si=UsB209SOkSL0Dmhb"
                }
            ]
        },
        {
            "Stream": "IT",
            "Difficulty": "Hard",
            "Percentage": "30%",
            "Suggestion": [
                {
                    "CourseName": "Bootstrap",
                    "CourseLink": "https://www.w3schools.com/bootstrap5/bootstrap_get_started.php",
                    "CourseVideoLink": "https://youtu.be/-qfEOE4vtxE?si=WaKtynJ05KUqBMYF"
                },
                {
                    "CourseName": "NodeJs",
                    "CourseLink": "https://www.w3schools.com/nodejs/nodejs_get_started.asp",
                    "CourseVideoLink": "https://youtu.be/TlB_eWDSMt4?si=bz_84Bo_wa6s5aEN"
                }
            ]
        },
        {
            "Stream": "IT",
            "Difficulty": "Hard",
            "Percentage": "60%",
            "Suggestion": [
                {
                    "CourseName": "Express",
                    "CourseLink": "https://www.geeksforgeeks.org/express-js/",
                    "CourseVideoLink": "https://youtu.be/7H_QH9nipNs?si=-GGy2oxJpd9NMrPL"
                },
                {
                    "CourseName": "React",
                    "CourseLink": "https://www.w3schools.com/react/react_getstarted.asp",
                    "CourseVideoLink": "https://youtu.be/SqcY0GlETPk?si=HCE7ecZk3eNf-AbD"
                }
            ]
        
        },
        {
            "Stream": "IT",
            "Difficulty": "Hard",
            "Percentage": "90%",
            "Suggestion": [
                {
                    "CourseName": "MERN",
                    "CourseLink": "https://www.geeksforgeeks.org/mern-stack/",
                    "CourseVideoLink": "https://youtu.be/ORyi6tTMNqE?si=f9aICh0WN9uUaDOy"
                },
                {
                    "CourseName": "MEAN",
                    "CourseLink": "https://www.geeksforgeeks.org/introduction-to-mean-stack/",
                    "CourseVideoLink": "https://youtu.be/48SUuk8e55c?si=2aVcZldjJoVpqT70"
                }
            ]
},     
        {
            "Stream": "CSE",
            "Difficulty": "Easy",
            "Percentage": "30%",
            "Suggestion": [
                {
                    "CourseName": "HTML",
                    "CourseLink": "https://www.w3schools.com/html/",
                    "CourseVideoLink": "https://youtu.be/HcOc7P5BMi4?si=FWNvGOfQ3frUlGjT"
                },
                {
                    "CourseName": "CSS",
                    "CourseLink": "https://www.w3schools.com/css/",
                    "CourseVideoLink": "https://youtu.be/ESnrn1kAD4E?si=OXLiMCF8i2IelO7C"
                }
            ]
        },
        {
            "Stream": "CSE",
            "Difficulty": "Easy",
            "Percentage": "60%",
            "Suggestion": [
                {
                    "CourseName": "HTML5",
                    "CourseLink": "https://www.w3schools.com/html/",
                    "CourseVideoLink": "https://youtu.be/XZwBNDGuWGU?si=BvSLKgjLVXR-Mo_K"
                },
                {
                    "CourseName": "Bootstrap",
                    "CourseLink": "https://getbootstrap.com/docs/5.0/getting-started/introduction/",
                    "CourseVideoLink": "https://youtu.be/vpAJ0s5S2t0?si=RaDzfqxcV3Mvmxzc"
                }
            ]
        },
        {
            "Stream": "CSE",
            "Difficulty": "Easy",
            "Percentage": "90%",
            "Suggestion": [
                {
                    "CourseName": "HTML",
                    "CourseLink": "https://www.w3schools.com/html/",
                    "CourseVideoLink": "https://youtu.be/HcOc7P5BMi4?si=FWNvGOfQ3frUlGjT"
                },
                {
                    "CourseName": "ML",
                    "CourseLink": "https://www.geeksforgeeks.org/machine-learning/",
                    "CourseVideoLink": "https://youtu.be/ukzFI9rgwfU?si=Q8fIkwWupfXmzXRe"
                }
            ]
        },
        {
            "Stream": "CSE",
            "Difficulty": "Medium",
            "Percentage": "30%",
            "Suggestion": [
                {
                    "CourseName": "HTML",
                    "CourseLink": "https://www.w3schools.com/html/html_scripts.asp",
                    "CourseVideoLink": "https://youtu.be/FQdaUv95mR8?si=NM6WoP2xjgpMkr2f"
                },
                {
                    "CourseName": "ML",
                    "CourseLink": "https://www.geeksforgeeks.org/python-for-machine-learning/?ref=lbp",
                    "CourseVideoLink": "https://youtu.be/LKlOH8OLLcw?si=MgbJuR7GmkwMUNdS"
                }
            ]
        },
        {
            "Stream": "CSE",
            "Difficulty": "Medium",
            "Percentage": "60%",
            "Suggestion": [
                {
                    "CourseName": "CSS",
                    "CourseLink": "https://www.w3schools.com/css/",
                    "CourseVideoLink": "https://youtu.be/ESnrn1kAD4E?si=OXLiMCF8i2IelO7C"
                },
                {
                    "CourseName": "ML",
                    "CourseLink": "https://www.geeksforgeeks.org/python-for-machine-learning/?ref=lbp",
                    "CourseVideoLink": "https://youtu.be/cHT-qLnRm0E?si=NMgW_OstrO4fmC82"
                }
            ]
        },
        {
            "Stream": "CSE",
            "Difficulty": "Medium",
            "Percentage": "90%",
            "Suggestion": [
                {
                    "CourseName": "ML",
                    "CourseLink": "https://www.geeksforgeeks.org/flowchart-for-basic-machine-learning-models/?ref=lbp",
                    "CourseVideoLink": "https://youtu.be/GBMMtXRiQX0?si=OEaL1yw6UAB7LV00"
                },
                {
                    "CourseName": "AI",
                    "CourseLink": "https://en.wikipedia.org/wiki/Artificial_intelligence",
                    "CourseVideoLink": "https://youtu.be/oV74Najm6Nc?si=ibyXzLqGTnimLCMl"
                }
            ]
        },
        {
            "Stream": "CSE",
            "Difficulty": "Hard",
            "Percentage": "30%",
            "Suggestion": [
                {
                    "CourseName": "HTML",
                    "CourseLink": "https://www.w3schools.com/html/html_responsive.asp",
                    "CourseVideoLink": "https://youtu.be/FQdaUv95mR8?si=NM6WoP2xjgpMkr2f"
                },
                {
                    "CourseName": "AI",
                    "CourseLink": "https://cloud.google.com/learn/what-is-artificial-intelligence",
                    "CourseVideoLink": "https://youtu.be/oV74Najm6Nc?si=ibyXzLqGTnimLCMl"
                }
            ]
        },
        {
            "Stream": "CSE",
            "Difficulty": "Hard",
            "Percentage": "60%",
            "Suggestion": [
                {
                    "CourseName": "Bootstrap",
                    "CourseLink": "https://getbootstrap.com/docs/5.0/components/spinners/",
                    "CourseVideoLink": "https://youtu.be/eow125xV5-c?si=AVPSBJ1adnFw_i1O"
                },
                {
                    "CourseName": "AI",
                    "CourseLink": "https://en.wikipedia.org/wiki/Artificial_intelligence",
                    "CourseVideoLink": "https://youtu.be/KKNCiRWd_j0?si=QVmk2W_teuvqJMHt"
                }
            ]
        },
        {
            "Stream": "CSE",
            "Difficulty": "Hard",
            "Percentage": "90%",
            "Suggestion": [
                {
                    "CourseName": "ML",
                    "CourseLink": "https://www.geeksforgeeks.org/deploy-machine-learning-model-using-flask/?ref=lbp",
                    "CourseVideoLink": "https://youtu.be/CWzpomtLqqs?si=LTugCaaGcmv5gLbx"
                },
                {
                    "CourseName": "AI",
                    "CourseLink": "https://www.britannica.com/technology/artificial-intelligence",
                    "CourseVideoLink": "https://youtu.be/KKNCiRWd_j0?si=QVmk2W_teuvqJMHt"
                }
            ]
        }
    ]
}